Timestamp,action name
2021-05-13 01:51:30.062,Read
2021-05-13 01:51:30.109,Read
2021-05-13 01:52:36.909,Read
2021-05-13 01:52:36.956,Read
2021-05-13 01:52:37.758,Read
2021-05-13 01:52:37.811,Read
2021-05-13 01:53:53.089,Read
2021-05-13 01:53:53.105,Read
2021-05-13 01:53:53.12,Read
2021-05-13 01:55:08.455,Read
2021-05-13 01:55:08.503,Read
2021-05-13 01:55:08.505,Read
2021-05-13 01:55:08.606,Read
2021-05-13 01:55:15.66,Read
2021-05-13 01:55:15.713,Read
2021-05-13 01:55:15.713,Read
2021-05-13 01:55:15.798,Read
2021-05-13 01:55:33.877,Read
2021-05-13 01:55:33.918,Read
2021-05-13 01:55:33.926,Read
2021-05-13 01:55:34.008,Read
2021-05-13 01:56:46.036,Read
2021-05-13 01:56:46.074,Read
2021-05-13 01:56:46.074,Read
2021-05-13 01:56:46.137,Read
2021-05-13 01:58:12.461,Read
2021-05-13 01:58:12.499,Read
2021-05-13 01:58:12.515,Read
2021-05-13 01:58:12.615,Read
2021-05-13 02:00:14.12,Read
2021-05-13 02:00:14.221,Read
2021-05-13 02:00:14.221,Read
2021-05-13 02:00:14.229,Read
2021-05-13 02:00:22.861,Read
2021-05-13 02:00:22.899,Read
2021-05-13 02:00:22.914,Read
2021-05-13 02:00:22.977,Read
2021-05-13 02:01:10.173,Read
2021-05-13 02:01:11.809,Read
2021-05-13 02:01:13.171,Read
2021-05-13 02:02:58.751,Read
2021-05-13 02:02:58.795,Read
2021-05-13 02:02:58.798,Read
2021-05-13 02:04:44.042,Read
2021-05-13 02:07:06.278,Read
2021-05-13 02:07:06.319,Read
2021-05-13 02:07:06.325,Read
2021-05-13 02:07:19.413,Read
2021-05-13 02:07:34.274,Read
2021-05-13 02:08:12.547,Read
2021-05-13 02:08:12.551,Read
2021-05-13 02:08:12.618,Read
2021-05-13 02:08:18.069,Read
2021-05-13 02:08:53.694,Read
2021-05-13 02:08:53.697,Read
2021-05-13 02:08:53.748,Read
2021-05-13 02:12:54.913,Read
2021-05-13 02:13:33.298,Read
2021-05-13 02:14:21.72,Read
2021-05-13 02:16:34.14,Read
2021-05-13 02:16:34.182,Read
2021-05-13 02:16:34.184,Read
2021-05-13 02:16:34.244,Read
2021-05-13 02:16:55.336,Read
2021-05-13 02:16:55.72,Read
2021-05-13 02:16:56.53,Read
2021-05-13 02:19:29.738,Read
2021-05-13 02:19:31.498,Read
2021-05-13 02:19:32.056,Read
2021-05-13 02:19:58.401,Read
2021-05-13 02:20:10.883,Read
2021-05-13 02:20:13.981,Read
2021-05-13 02:20:13.984,Read
2021-05-13 02:20:17.234,Read
2021-05-13 02:21:50.987,Read
2021-05-13 02:21:51.036,Read
2021-05-13 02:21:51.038,Read
2021-05-13 02:25:29.26,Read
2021-05-13 02:34:18.289,Read
2021-05-13 02:34:18.354,Read
2021-05-13 02:34:18.358,Read
2021-05-13 02:34:32.005,Read
2021-05-13 02:34:32.078,Read
2021-05-13 02:34:32.084,Read
2021-05-13 02:34:37.274,Read
2021-05-13 02:34:49.611,Read
2021-05-13 02:34:49.653,Read
2021-05-13 02:34:49.659,Read
2021-05-13 02:38:56.743,Read
2021-05-13 02:38:56.791,Read
2021-05-13 02:38:56.793,Read
2021-05-13 02:39:03.458,Read
2021-05-13 02:39:20.306,Read
2021-05-13 02:39:20.352,Read
2021-05-13 02:39:20.356,Read
2021-05-13 02:40:48.036,Read
2021-05-13 02:40:48.081,Read
2021-05-13 02:40:48.084,Read
2021-05-13 02:41:48.308,Read
2021-05-13 02:45:18.587,Read
2021-05-13 02:45:18.592,Read
2021-05-13 02:45:23.469,Read
2021-05-13 02:47:26.494,Read
2021-05-13 02:47:26.497,Read
2021-05-13 02:47:33.854,Read
2021-05-13 02:47:33.915,Read
2021-05-13 02:47:33.922,Read
2021-05-13 02:47:44.603,Read
2021-05-13 02:47:44.65,Read
2021-05-13 02:47:44.654,Read
2021-05-13 02:47:44.762,Read
2021-05-13 02:47:44.809,Read
2021-05-13 02:47:44.816,Read
2021-05-13 02:47:44.825,Read
